Customer_ID,Pass_word
51516,LIG34AWS8SH
85820,ZPM15GCY0NN
92538,KRL76SFI2DY
31554,COO20HJL0EL
94914,KKY80PRB3NV
86418,ELF56ARE6VV
9140,GAN33GXE2CC
6569,LWM84XWX4ED
4118,ZHV98DXQ1GR
11854,NUR57CFQ8TN
85671,HTD64LOT9VC
78933,DWJ23BJW6FB
81129,DXA61UDX6SB
76420,RHW81ZSJ1QX
15936,UFC24IAL2MG
38662,VRN35BUU9WS
46928,LBZ68MZQ0IJ
71405,EUZ14GCE8EC
8886,GGV12TZQ3HS
76862,VZV23UBU5LU
76226,QFB17PBG3TD
92176,BEN50OKQ8OU
86002,PQC22FLY3UM
91584,NTG25HLF1YT
16947,OKM06AZZ3BP
53427,WNY82IBM1MX
92741,KUD15GNF5WK
21939,QSO89PHV9UF
30296,TVL03EXT5CZ
40703,CMQ77FEH9CA
74830,UIY26VBW4VO
60114,JFH69VLU3DZ
22880,TBP32RZY1BK
21407,GNS41ECK7SM
87766,BHU50VML6DE
94472,QOA93YUQ0QE
54285,JUZ73CRG1ZK
20513,WKM87EAT8GT
60024,AGH55XOP7AF
6843,SIB34UEJ3TT
16516,YIK57KFX2AW
9080,DKK29RKP3CY
78872,OBG47NZD3EX
72988,NVZ21NPI6CQ
22453,QME32DYF4BQ
17494,PGM65TBR6OP
59260,JXX10YLY8JS
12752,UAC41BAA9MO
56426,RTW67XLC9HJ
41891,XIR06CEZ9XE
73841,HMJ64YEM0VZ
3612,PTB96ZSB4GB
74765,WFI11UQO8TG
47267,IZI76UOG1OD
53658,XWN28UWM4EO
51235,PMW40OTH8XM
40594,YXQ52RJC3PE
78385,GIG12KUC2EK
88084,IHW82RFR7ZU
66912,ACM70ZNF7NZ
89765,TRB17HRO0XV
11486,KGR16KJQ8WR
17189,GFZ44VTA8CS
58014,AXU23RKA4RJ
5381,BLV96JSF7DT
9264,FPQ65ROB3MA
44905,OWS97HAE0ZM
33940,MKX42HQS5AJ
56805,LON25JZD4LW
13746,VJV34DIB6HE
93653,JHM07VTR3YJ
77716,TRM69BAV7YO
60011,IGD99RZI7OL
57351,NHL83XAE7BF
31360,RFP21VQE4VI
67750,WXV22JWC2HZ
14080,JTX19PAO5ZL
97390,ZAF92QWD6CK
36135,FLJ20DWY2ZU
96109,AQC59XJX8JW
66061,JTC98LIR4OJ
29068,AZJ15MOC4JH
81225,NZA10DHC0UC
4741,QFR10DVF0YC
96923,DRS47ZTK6EX
78576,UUI24ETO5RX
45580,OZR65RRB4WT
17362,EGJ79XOJ5WQ
91894,AHV90FSH3LT
79510,AKK86APV9OJ
37844,TSL77EFE5CU
3690,KWS16HLN9RN
68750,MTR88ABG4QR
75479,UIF22DNS1MB
85283,LNV39MHQ2ZH
47198,KAY63ODA8JL
16853,UZQ25JVE4LN
72864,ORY94JYK3IZ
66277,RYQ54MXG7DI
74231,QQD28HNC6DP
